{
    "a": {
        "avg_rt": 6.408108108108108,
        "avg_fav": 60.616216216216216
    },
    "r": {
        "avg_rt": 21.074380165289256,
        "avg_fav": 122.5702479338843
    },
    "c": {
        "avg_rt": 3.588235294117647,
        "avg_fav": 11.42156862745098
    },
    "p": {
        "avg_rt": 2.6774193548387095,
        "avg_fav": 16.580645161290324
    },
    "e": {
        "avg_rt": 0.9777777777777777,
        "avg_fav": 9.71111111111111
    },
    "o": {
        "avg_rt": 5.310185185185185,
        "avg_fav": 23.375
    },
    "nc": {
        "avg_rt": 0.23529411764705882,
        "avg_fav": 0.8529411764705882
    }
}